"V1","V2","V3","V4","V5","V6","V7","V8","V9"
-0.501153720675006,0.168939410803263,0.59700295295247,-0.00681405942550654,-0.378588600899043,0.818894908805692,0.0663119823227035,0.127008612468527,0.24976126548994
0.931642424256321,-1.29895670497291,0.266333633554947,-0.549648202509213,0.366782568448195,-0.860401315312894,-0.888837160702636,0.806966959513483,0.617227382224692
-0.665525735605439,1.18042008890011,-0.383087802418082,1.09746595653911,0.227822631035477,0.840089858477138,0.531720999949326,-0.561644075704775,-1.09723048155759
1.30490260378847,-0.938985853378825,-0.00931357343411467,-0.576113340096906,0.194132197010032,-0.834700578649235,-0.956170610143187,1.11598288282875,0.55793386599421
1.23750877434054,-1.33826280013559,0.615953615166031,-0.628196113341381,0.354535621415846,-1.02277663478857,-0.974829247444916,0.298713880328558,1.08172566688748
0.977098699025519,-1.01051773243621,0.0806696574573171,-0.636261967671914,-0.4670620662703,-1.16320559809029,-0.442894238855458,0.78765082004899,0.80706864722755
-0.947218866045734,0.621807222182706,0.239923099727488,0.503498954802048,0.00830053315380172,1.04724520446568,1.0554028055302,-0.896273724796899,-0.358152609062125
0.0713100628646593,0.392064460026536,-0.229324070482745,0.730451236266628,-0.516546804385344,0.219954722419436,0.323233832105308,-0.384203075410852,-0.00255711669289229
1.15703331680788,-0.87037040811042,0.319346950905912,-0.925802337485094,-0.00680058783177085,-0.702859200205323,-1.02378388117049,0.843129398930083,0.728824885805035
0.0141388609905396,0.184732749429517,-0.0916938375980277,0.206269665299932,-0.133560168262741,0.0362040421383525,0.0446225597474583,-0.150357375194715,0.342958377952389
0.170445527498134,0.449924645206365,0.126035487567005,0.670353991926025,-0.590547931464827,0.183602193628592,0.461724958167263,-0.0171536631336983,-0.24459869159738
0.881009233255366,-1.33425889117943,0.390339503455063,-0.607420350129473,-0.0909790110881102,-0.375007180266984,-0.731308264329517,0.763430675189573,1.08135612023587
1.00438174674598,-1.4108832790788,0.0985890993017082,-1.25195643875779,0.0437675346711856,-1.13744212975272,-0.608692475492646,0.70010831694235,0.330897481919448
-0.0553537066696159,-0.128395832785587,0.215419643640521,0.45384415794783,-0.532953047526984,0.064477538128592,0.525330461842504,0.163364345754377,-0.365169773985264
-0.224761838347315,0.202108067132118,-0.700575397633621,0.569478761813654,-0.216955842078648,0.548507728885093,-0.081783171812688,-0.434137006241382,0.189229648759018
-0.873207163303597,0.936610250131857,0.0331750557292713,0.688446403113017,0.564972843118348,0.688238867435712,0.780031318203385,-0.336509362179772,-0.77812646365694
-0.813388031506795,1.05984975312146,0.0911543967033784,1.07736544799146,0.493518163797529,0.826717618037318,0.30872124048717,-0.656692697761626,-0.865267798429155
0.666355621419496,-0.737799652746996,0.721626131341332,-0.818407248422511,0.0121086822054562,-1.28769419079779,-0.455668501959885,1.19102551876417,0.344891289266653
0.155580295742177,-0.0634094938935575,-0.0706460074986855,0.493671921551162,-0.284248782851421,-0.245390137931547,0.117208707240617,-0.287188727788538,-0.214241058267742
-1.2514005822816,0.451797506333279,-0.167551126235536,0.525058373118378,0.568236986365169,0.623704157589268,0.0260706248102865,-1.04399659129057,-0.470729402114431
0.886006697837993,-0.865055197885299,0.577849991848207,-1.19626520862512,0.120883287607539,-0.519413366212412,-0.577101715416398,1.50367965512627,0.520968077231182
-0.214825795194331,0.163381590899033,-0.487069389869704,0.0312950200631926,-1.11251570511829,0.40012318188625,0.00872514810154966,-0.0726204868126727,0.742259808313567
-0.548958436844588,0.848159950968915,-0.457112774198253,0.92417692373229,0.61184160581173,1.32136411610388,0.771626765491731,-1.02265814167937,-0.413281592148146
-0.614157135498194,0.861070869300593,-0.201450795970214,0.657807871564395,0.194847911318404,1.26909982754663,-0.0454470919303441,-0.10713429332217,-1.2212109583209
0.963987268628377,-1.16200901218348,0.818637191189874,-0.95603195122982,-0.561705003220446,-0.215576675418293,-0.986253766509201,0.962838217278137,1.15897200605472
1.32212838717906,-1.00105320905825,-0.0739724142007126,-0.705221179984825,-0.149787067198178,-0.810205415525203,-1.07967373520647,0.603293587374525,0.586701238987623
0.4543245260655,-1.09912017301448,0.180316471366712,-1.37162333898754,-0.132548989554892,-0.80259405937748,-1.00755241931756,1.11674043866078,0.923107900100601
-1.24084825476102,1.36338100486138,-0.149838929691705,0.552908144008503,0.935827747203525,0.664068216407141,0.607389996331026,-0.434140764580711,-0.60811892584035
0.416673820647213,0.413060105465648,-0.448262023177063,0.549451751110266,-0.324898775897565,0.106826474006574,-0.216988954375382,-0.0942038904139714,-0.411248230185345
-0.971511907984493,0.293472627788149,-0.275187047352953,0.790368349460052,0.781352710950881,0.837346057510324,0.769467317747573,-0.880265204659467,-0.836164716726962
0.139272619509664,0.304489312196479,0.098335706030187,0.443269737969525,-0.431127260797976,-0.0255123598135745,-0.469554228449259,-0.0062462078443217,0.139949969210749
-0.422621955931057,1.0638393585406,-0.396537485930218,0.297769255409117,-0.0906560901494912,0.675306349807567,0.414708193879277,-0.681824220696266,-0.683426628357443
-0.122029359641799,0.538631075153266,-0.0213406326129398,0.370858562628643,-0.309533087092983,0.0147011522171673,0.319485704264708,0.0292569463344212,-0.10919392599904
-0.516460664117489,1.02489774739343,-0.679567310947472,1.09406192868055,0.259761766527355,0.910443241660826,0.514043081888047,-0.76747558499813,-1.1620460310758
1.37217615197605,-1.02942712575639,0.112586128211545,-1.11954281824752,-0.116109306838845,-0.87931395200084,-0.744736277246165,1.257541021711,0.751822955137425
0.554703220621858,-0.978044210389423,-0.189988006710166,-0.775080019001931,0.452704363229561,-0.751356510635468,-0.506486420930724,1.2425554637764,0.641123973775376
0.782926224866635,-0.165301610736282,-0.248277269493854,0.236135330191356,-0.377311313010624,0.566053718747094,0.716833809867826,0.538163240744834,0.857319133715176
-0.860173281501535,0.76288351570648,-0.345825284038948,0.178253541019613,0.354247086242833,0.678682519980073,0.538083111565769,-1.44377612263054,-0.478184515249844
-0.0901832860806852,0.1392649170127,-0.362519216570019,0.0492668805964961,-0.120355300880692,-0.166759724794077,0.379828498533055,-0.0767349403956726,0.013114669511535
0.847175455805157,-0.867495845888415,0.196664370501582,-0.911033898690288,-0.384071165366608,-0.691752146678355,-0.790172005863707,0.390651421508434,1.10116226005161
-0.540415801839052,0.227727143647354,0.805629406604704,0.380752429853295,-0.317303868577483,0.479372953422686,0.127734384804259,0.577462510123525,-0.351472281622168
0.078392064886928,-0.117737649392201,-0.493068368814121,-0.379731481576888,-0.0808620301535258,0.199615412222862,0.439232731348091,0.189127219073151,0.066726290863817
-0.113430477361344,0.354425634610374,-0.170992592553658,0.70479380072288,0.0543172386510704,-0.161801961525896,0.441983482250645,-0.0124993639185032,-0.131025836668066
0.0101611491699784,0.518244408471745,-0.242268109672583,0.520212411999706,-0.411010618900215,0.0869251026413744,0.243101683041133,-0.175583602111679,0.0703239107369755
-0.0251601555599524,0.509726243452304,0.186846196137044,0.230640040046886,0.0575556063661187,0.677393465354542,0.0308173521567923,0.0622433142676386,-0.124702916457704
-0.971094408346378,0.869375913066386,0.184720913352244,0.667522110141469,0.0622645877755429,0.490913379974031,0.311611243713125,-0.471491687274173,-1.48629656677035
-0.0833279070482136,0.232151992878427,0.254041522260559,0.61040791255661,-0.424370548568884,0.0403426583157693,-0.227081285549568,-0.422056287895879,0.30786331007929
-0.928242248606238,1.00639986468803,-0.492388081730914,1.20710557304881,0.507876234105041,0.211151170350362,0.601978901887464,-0.409875159689792,-0.86914499474059
-1.11692737336086,0.386140097095125,-0.247726464655873,0.612330153781922,-0.0263254774308518,0.655844511476063,0.832983960849766,-0.551358692044846,-1.01041636610901
1.00916457058862,-0.612880284080995,0.202409251975515,-1.16173428391425,-0.0783631200584726,-0.840868520215793,-0.571759870198133,0.104901960058305,1.28943598693674
0.830938000595846,-0.788586868188339,0.439926203649697,-1.27206329544274,-0.0861595025066662,-0.641642646469509,-0.284688149135285,0.886372382687084,0.548795560707684
-0.942666362405342,0.515370780517181,-0.457710101613848,0.395310177165165,0.496276667852018,0.595444354297064,0.533807145544041,-0.808253880181869,-0.84474431507122
0.999915723107889,-0.436146258539491,0.302401187130812,-0.762334285546487,-0.193016338514956,-1.09535308861427,-0.654789625015138,0.688011530375467,0.41958877367658
-0.0460372286290677,0.362496352282118,-0.156963288149421,0.320474448517026,-0.689803824000602,-0.111370498787769,-0.142231290897695,0.0851687341959233,0.404033815283563
0.838620671927128,-0.819562750271577,0.322616972648512,-1.06200225063868,0.127563166415309,-0.635444561495919,-0.329389663575581,0.76507341053437,1.22028886641438
0.925957576577171,-1.14423653919669,0.44211295303178,-1.80119074786161,-0.482627854477269,-0.751482040758299,-0.943679919523422,0.749202868492613,0.921094414150606
0.00709519138482614,0.667430207226085,0.520169828303222,-0.373482517800114,-0.889733869255703,0.0993048987576927,0.285056427444033,0.0293386503969256,-0.186071825105706
-0.235118173148645,-0.281936233965604,0.179080394538743,0.559135409825036,-0.567987458987064,0.149561254911156,0.0706495920129465,0.273206024382767,0.106981395940814
0.189882052722926,-0.220541270749636,-0.23321624044403,0.519491540187386,-0.22577339105972,0.280142718547067,-0.0787162456883677,-0.101044663129446,0.1564667717524
0.957768557522097,-0.984144124617594,0.40072064601257,-1.29412955258178,-0.0512323985674487,-0.898431929931297,-0.45738293243645,0.618395036810479,0.923971358086664
0.0643691917483159,0.698251889938209,0.0611422509644908,0.21178555604169,-0.169675287650067,0.0492314686739021,-0.0326722224664715,0.0641646191815012,0.271476264878937
0.0735436936765369,0.39113548972263,-0.151499401866462,0.447128915513888,-0.0177017205448047,0.232215860842015,0.0209389221310459,-0.06789214588945,-0.444956974460656
-1.10034522740834,0.58007333165602,-0.47487160573926,0.805646348182662,0.304102627131628,0.618099553519118,0.4757341808589,-1.20951556363601,-0.438224764066588
-0.18270511425687,0.410368285216394,0.139718462325699,0.925370787340139,-0.343491650056944,0.428957723952944,-0.186826072713058,0.0288225711383964,-0.286481478280252
-0.367400703530223,0.259012757277689,0.160097405629365,0.295353902921238,-0.691481773483225,0.788508804884364,0.0507530135045781,-0.764469612163895,-0.176115255046723
-0.404873844145621,0.409423030986244,0.0354818958864742,0.26849386838111,-0.404444063473549,0.127242373565694,0.448756175698157,-0.375300181479891,-0.377012582879483
-0.577868127572613,0.744899909058003,-0.274796283724168,1.00238043595947,0.16476614635947,0.831407495390374,0.445473760331909,-1.41124410638036,-0.0768040929785983
0.509254648495194,-0.6971378504205,0.610594814017993,-1.02764809420652,-0.11775185972573,-0.853064142419881,-0.327980629680971,1.35872035055027,0.672705123998245
0.00452351497337143,0.279927291228058,-0.367175575378454,0.38517308723996,-0.161356412602243,-0.109639881248222,0.364708072065359,-0.384631984538555,-0.0489998049463667
-0.213506766520763,0.290967682884256,0.050998141540055,0.578849163453132,-0.321029435054148,0.211375884296576,0.0256485731408077,0.0215861279996902,-0.379481271543759
1.17319643026168,-1.07420310048433,0.30314897591895,-1.38463615961347,0.208727334592951,-0.754354838618385,-0.833661894686793,0.428039784181079,0.595845558646975
-0.790818537990844,0.729264318367331,0.406257018359014,0.364973133800512,0.824409938633435,0.295288505892165,0.424204272137165,-0.859802351185302,-1.30673633046074
-0.134238363681953,0.392818143385247,-0.320653943864404,0.426547992449398,-0.116558390722144,0.574405901711568,-0.00706900191159638,0.314365402625015,-0.117999520797202
0.569498630455533,0.353106399150012,0.441234618859616,0.527146006001315,-0.514654674653683,0.0113648298113908,0.240095065040189,0.136105577350452,0.50924315923835
0.61970669160308,-1.4036873088274,0.254763362189828,-0.872036140281758,-0.0296259017379982,-0.796096628817936,-0.691427515122322,0.887942658076904,0.925751220740561
0.278590070509951,0.176007266987027,-0.145921088367242,0.0383544422425563,-0.52906817749371,0.165782933612657,0.659967864212643,-0.218945783622592,0.0208947837264958
0.556034829518246,-1.40374268709582,0.0754798111548196,-1.01031726780854,-0.229652416895319,-0.536996115950946,-1.39760195727629,0.751910925312739,0.931038375899319
-0.371880145978246,0.0114470200922405,-0.336580696814148,-0.172851504805775,0.207433626076995,-0.354372039885039,0.405099315782772,0.13771577256297,-0.0500762214082806
-0.9650620873386,0.663606584522097,-0.311548319747606,0.657705543065941,0.24405225643609,0.220443916073356,0.540761354162285,-0.600718149138761,-0.576996385729217
-0.492725215369968,-0.260543333170849,-0.351404220292771,-0.0853237625078696,-0.416583850657427,-0.0552756438187987,0.0218578912998956,-0.336656277628691,0.612305968666699
-0.790579034690555,0.78515343503625,-0.188064727741125,0.548855916849564,0.0551391419335597,1.27988383992924,0.533216523686322,-1.25461043067335,-0.502469638586396
0.682831076347396,-1.55672538086703,-0.0584871184662378,-1.60349862733856,0.160522647989536,-1.13768695924282,-0.505652898833231,0.257350489532972,0.76465200553971
-0.611583278497823,1.02187001584445,-0.304639368080008,0.701549832699042,-0.329645571874863,0.415262610340872,0.436280939865111,-0.983943763393713,-1.23884029002037
0.457887657228661,-0.697869368259893,-0.319200267319554,-2.164702672736,0.370084420866525,-0.710383744830032,-1.046680640632,1.19597287140595,0.857508660440479
0.882110062473614,-0.85633971151128,0.343141417785108,-0.774295514968731,-0.340295407596777,-0.874421597781057,-1.0936746330583,1.15651348366887,0.859230131982192
-1.05536310887203,0.909426070453697,-0.446641700745168,0.626317089786164,0.77350453887997,0.356111983627735,0.920365075306681,-0.86991727147662,-1.09338288772278
-0.329182205961751,0.270384053805984,-0.630109321169692,0.354419350036547,-0.50267760133838,0.978259093936412,0.169316551893888,0.302748118024627,-0.355048797462168
1.15542888972635,-1.1473153422996,0.431965648319038,-1.14971362726677,-0.12784058304842,-1.71563347810362,-0.252610789258689,0.539575353350677,1.11219237158281
-0.802369092229401,0.703093505466938,-0.240795866159768,0.607653103814266,0.485688826064882,0.273872064478596,0.903589283716205,-1.35080690061292,-0.639115837574305
1.30514656380267,-0.592014905645741,-0.560310033837654,-0.963364117581836,0.0674192595190553,-0.605847492820091,-1.10793007881119,0.328932694897709,0.3604666825331
0.229769029815637,-0.0137389462345124,-0.508238447754445,0.188149066425687,-0.937403531469957,0.380947642169314,-0.387438594798867,0.122839352911905,-0.216361469802329
-0.136126187176507,0.384439710401246,0.785109428838272,0.716313580389373,-0.900094710259897,0.197968204394064,-0.12542096360887,-0.108306891181671,-0.194446347045411
0.945390406308317,-0.63622896562716,0.927296060176518,-0.965941001902617,0.419452543598219,-0.579530482170415,-1.30271572311273,0.383190452731825,0.863541412742057
0.603703763071486,-1.04152590654734,0.40583203599667,-0.712882097358767,0.313977310750479,-0.814996667081823,-0.991631010297535,0.95584531942676,0.566016804839979
-0.0810688932665664,0.528355610091514,0.163094896044518,0.138548653188325,-0.222362851849662,0.469768131391942,0.0580856477334081,0.205073382302537,0.10216019166428
-0.471334747745491,0.813036048174781,-0.34109052902508,0.352645872532545,0.818765842522312,0.656260867090227,0.570361248188033,-0.338381534370831,-0.833204420491844
-0.301066761193122,0.203727434178773,-0.0359396353582827,0.238220581505024,-0.289450228152282,0.534662684493174,0.394716163736845,0.158121445829894,0.0482844839285215
-1.2023948135027,0.515509046675989,-0.327582907098687,0.40023173534779,0.197504272125009,0.553481118542188,0.0771202933048307,-0.693783352230088,-0.832237210649847
0.603789238129144,-1.0480690016402,0.0909761330898409,-0.938533639421456,-0.327505355476957,-0.656810981333681,-1.30357588083035,0.358161368406138,0.816732910949071
1.13645859340339,-1.39108012598106,-0.00459844698791264,-0.379147339223212,-0.0215030140976078,-1.18688494054613,-0.733570531593611,0.737815924424356,0.543708921097784
0.027744597008979,0.58132323827483,0.136956757936528,0.765156333433742,-0.971785451119983,0.247652774986209,0.211352897961073,0.297381985915845,-0.102738381726911
0.581873565777343,-0.63199250153678,0.33701343337998,-1.48073825524546,0.0485667115235149,-1.21548135541395,-0.371000142686949,0.77651552997695,1.1577255326986
1.21947767329992,-1.05660878902969,0.0310064055439206,-1.19449706491588,-0.0681436770452217,-1.08717713614257,-1.17635243077424,1.18339648526139,0.662274921305657
1.07817368940646,-0.686591641516756,0.505503266454233,-1.03346183425323,-0.613563331273418,-1.49326345078863,-0.691262951866662,0.594713339911029,0.60207029312309
0.247681359845456,0.0353625508487242,-0.272991687124983,0.346907614582301,-0.154283728301052,0.358071920937286,0.089335539424104,0.0119235392615266,-0.0750386648947352
0.97508219843183,-1.10001147823436,0.431154387370944,-1.06489603789047,0.132271773955387,-0.707668141284498,-0.536847077830271,0.481456017331178,0.568215613004456
0.441031417240761,-0.934553655271174,0.127077895457417,-1.09030721216873,0.259939442088333,-0.823730988483669,-0.4382664689194,0.584251773394038,0.573267563846509
0.144003676128596,0.475221283858158,-0.10152593739132,0.141951278291285,-0.51114958084844,0.313565207375345,0.703008728981038,0.0685751280257647,-0.254408569105296
-0.981710561380893,0.872721693725228,-0.10763791251477,0.683476506162129,0.267743917766848,0.971687960183446,0.255690721115496,-0.440333009131064,-1.04339494015573
-0.466256045695304,0.6196435594661,0.296142672700278,0.35023534132978,-0.254394349064428,0.817116592196934,0.351879833708547,-0.584241891866831,-0.165428663628937
1.28504253757089,-1.2618593929342,0.46798342339842,-0.764326179910681,0.191098541381055,-1.59220947091184,-0.83074501633491,0.590526563198658,1.26150478294314
0.882122262680179,-0.777999889463194,0.0139920942282788,-0.756001244830089,-0.080059276005512,-1.51145188182868,-0.787623723069703,0.811773596299963,0.860225483778309
0.3412125691578,-0.302469001139172,0.00135246116881091,-0.114602577044566,-0.305480179080795,-0.0907130821225973,0.284319247321674,-0.916774569461086,-0.451521206146948
0.0617720517930891,0.0414331554697719,0.481437220097266,0.167956035160759,-0.800989926822064,-0.214661647497136,0.536669388620046,0.495336194989521,-0.148858975797366
-0.034575530032933,-0.262806374439208,-0.347597059803787,-0.390132122025636,-0.62683599985852,0.219153733831574,-0.178173969033261,0.177122039987767,-0.0976666465448568
0.438943897439379,0.641547222656111,0.45046862338498,0.701977279047987,-0.285064630797847,0.333029897870695,0.559288501013173,0.125015952926933,-0.540023028337586
1.00166323913334,-1.17588221636771,0.0715271522303555,-1.39112988816604,0.0442158626520025,-0.989868784902287,-1.03676586033616,0.639118387605731,0.618524549975491
0.0511560609465967,0.585224631873362,0.0417828309079601,0.255540831152141,-0.20751312494994,0.43316623074724,0.286518057121046,-0.254572684156999,0.424483028974123
-1.14483400353435,0.595055405882262,-0.101784587776838,0.703222973749052,0.219065184292042,0.704648252358075,0.46809451606575,-0.898470832047874,-0.753043095876578
0.695001616352642,-1.51127015335951,0.597632757180135,-0.777279618320076,0.136105180603839,-0.999183489615071,-1.30145012972453,0.889857555295424,0.638660176508443
0.769934588691882,-0.81556887406521,-0.208800561944149,-0.285801259840206,-0.599954163992166,-0.9514398432072,-0.50802803022171,0.400684799524689,0.909838824346478
0.799297621963119,-1.00589114683602,-0.0978961228372141,-0.795490411735779,-0.269911678054903,-0.841801004834314,-0.598981148285486,0.520802611829637,0.738464107726346
0.318711477901074,0.261914045911386,-0.0256921799782046,0.59169748576051,-0.340930376173437,0.175969767758309,-0.0542375305680937,-0.255622821612708,-0.0572905435743618
-1.29508209921944,0.66222476726021,-0.314644219880645,0.5376869861814,0.191598031854559,0.795578345070724,0.517164032104558,-0.845011024135017,-0.591507966586273
-1.36111708400038,0.815385470174403,-0.17783471076362,0.367584573373731,0.177432693527613,0.123942775902048,0.555294988307009,-0.87040671554237,-0.566699859127774
0.329387189584093,0.163753814981054,0.13733332611208,0.625174178789592,-0.353251362495532,0.446204953818503,0.0453192731441138,0.194945392198816,-0.0780241903177835
-0.510140568165544,0.487824275135321,0.98763965862,0.429721404000973,-0.514693714445886,0.607576152667472,0.31975915929474,0.0362122930354064,0.0558866457178626
-0.253505554362277,0.252659919109457,-0.134208138382047,0.481441561527695,-0.442582780755964,0.379703767241576,0.115313767824866,0.215424914087917,-0.0964197273163466
-1.3053715621829,0.421593294354521,0.291280332882306,0.611232950016006,0.547003594183584,0.322198868605253,0.922417917679754,-0.594063254081871,-0.457522977887512
1.07281849480943,-0.871408908977925,-0.100638415251769,-1.40124099808283,-0.198878811409286,-0.928017280072705,-0.317723530609304,0.228483537275755,0.741239740331727
0.775770788670232,-1.83072650256314,0.103682433043668,-1.11019331626445,-0.696950394863784,-0.807066251051664,-0.940352356129099,0.922900647455739,0.0907053218647367
-0.827731487835189,1.03014542808427,-0.23921177776695,0.520945081180833,0.333684387525759,0.779527470009522,0.462250077275527,-1.27570065482716,-0.360257704227171
0.381355143826847,0.0697756336642264,0.133196738266063,0.763314229633717,-0.770557757100657,0.55531295395626,0.527420190134421,-0.0252574824515464,0.198962801344805
-0.883207657380172,0.82351061014598,-0.708473339972491,0.878439002218399,0.405815906105466,0.824153426257816,0.602387650100249,-1.68911408807235,-0.155940851356539
-1.18854466809722,0.691919916596397,-0.227190009477758,0.712580784448473,0.237548832486618,0.257857530071653,0.784179512015319,-0.820184149288399,-0.733875101553152
-0.438662104716716,0.0622861024637293,0.298380654884235,0.157502839632941,-0.52702799992418,0.12380926767831,0.46053507043664,0.258402725950314,0.259216337227157
0.250864419291857,0.755041758664435,-0.315332159770188,0.495042284859969,-0.471459241588167,0.0579070286395406,0.000717879980972416,-0.537696626451218,0.0943129531675417
-0.895759225395434,0.833722292112498,0.0232496848486613,0.731542996501632,0.319953909330616,0.428079276875223,0.699393699001072,-1.00267885511915,-1.12885861159171
0.746034575754358,-1.15135193836784,0.593191213861312,-0.79512597384102,0.771985323581404,-0.792238907516293,-1.27700822604754,0.869064481232474,0.607278851232954
-1.05254704533573,0.569305683298604,-0.448591594183956,0.719751415711297,0.322724202980519,0.203961171670143,0.586162820502628,-0.566680214586126,-0.622272682513329
-0.563439451856616,1.0411970540892,-0.162317122824021,0.769783071055426,0.445019347131355,0.757877568068247,1.04925489279016,-0.691682463448634,-1.31610081204395
0.490976321389174,-0.590161668802422,0.549718628864825,-0.903907679136818,0.270677259964361,-0.9354791665785,-0.743134937393586,0.630642899163628,1.31169755586158
0.525242465321908,-0.744886021807126,-0.101810468677019,-1.14652969898808,-0.0662803009496606,-1.02684362323813,-0.151697186387936,0.889076978619138,0.0762734610712248
0.324420363500591,0.389583746701304,0.478748625734403,0.597422653826621,-0.0224565475671405,0.564189773825205,0.109758495929496,-0.52017316677337,0.330067378951029
-0.842491170808114,0.424466237780434,-0.203808782974374,-0.192007669676179,0.224996320047873,0.502177931089791,0.518173311924291,-0.72051173983603,-0.672230512976561
0.509080693880407,0.429255861526897,0.161375603305111,0.517533093805002,-0.615246180162062,0.412014869853444,0.317352810047654,-0.311914208164176,0.149241322572695
0.859221674264402,-0.807869871711749,0.173540761791758,-0.985317389007985,0.312146274062148,-0.519359748218623,-0.67322417317369,0.996997535130042,0.532761131572376
0.819436401597051,-1.32624153709839,0.697075672972115,-0.442733275401747,0.213927050094645,-0.989270762694848,-1.68079875329228,0.958961540851003,1.14268755483796
-0.592909792222801,0.272728098370963,-0.315409378943186,0.361682423359342,-0.0780685839994431,-0.149656862053223,0.334634727102021,0.729062810778546,0.181220702006846
0.720141563042322,-1.58221548146274,0.426366310463551,-1.00562074931717,-0.179815542221533,-1.47902935247884,-0.874657933613735,0.947246006595658,0.794225515487783
0.260744303455742,0.433816090673376,0.391510128578706,0.141513820358616,-0.530766026015996,0.27702923276676,0.323065316930203,0.119109232283007,0.239525597737292
-1.12100379771907,0.167458204283062,-0.386304307004544,0.530926200386581,0.688090903109436,0.736652275428055,0.711221623819904,-0.24720389889567,-0.806099530987974
-0.947910573233301,0.781567482184357,0.177544298719428,0.740408811990622,0.225591269668007,0.781940974365785,1.04674482176132,-0.780357030376403,-0.413989376549933
-0.361565401395059,0.235091669682109,0.672587163664911,0.642629591712173,-0.358761283206711,0.525984007562744,-0.294101441635384,-0.133601874326894,-0.0735335306807798
0.71469123339488,-1.01716489529928,0.107397916183463,-0.803469992294452,-0.221624520976963,-0.896478298555517,-1.37795122553765,0.451384368339013,0.729323957463706
0.780888295070977,-0.866386797517941,0.624478593846731,-0.751432392080653,0.343910103255585,-1.06591412054215,-1.06444528213273,0.665778739564889,0.429018423686627
-0.175936349189942,0.672979511803198,0.678900169944084,0.557493668632022,-1.0326034818546,0.222288743660208,-0.0503041465985659,0.244182179783081,-0.0909453082636342
1.52916924839422,-0.766891399322419,0.033925329301923,-0.90345240235318,-0.292637607529412,-0.924098283221039,-0.376689924890023,-0.0866453415749602,0.0845099489565045
0.160229088064256,0.13794283774274,-0.396367916727448,0.458277706714403,-0.33812535986851,-0.241874745717175,-0.133849349599937,0.0213555092576048,0.483177176068262
-0.554988515588549,0.738068283813694,-0.296921720448005,1.02302232397872,0.573557568198401,0.513230204015464,0.646037866191562,-0.583404914839505,-1.13630685028976
-1.13817950365659,0.944209095632063,-0.16963955381803,1.11664880054095,0.923569036350256,0.737857818966972,0.700909249578176,-0.639833207348806,-1.00675162849315
-0.73231885089821,0.514872576457756,-0.306659716444032,0.0376826710131236,0.0429698696132895,0.126176428872507,0.908069407571328,-0.706780722537747,-0.499051548379568
0.482695749924308,0.174560062015828,0.364037146451902,0.183740730398389,-0.586707628372023,0.71964897096774,-0.0383431366166065,-0.198266683202865,-0.283227681115196
1.02299852421772,-1.0017350403945,0.183602980750233,-1.00566528612496,0.24193252910908,-0.762823524247532,-0.562275908347716,0.637726417582389,0.852434917752742
-1.10007209927135,1.00124931589754,-0.238562275919161,1.18367842183517,0.543913526411829,0.312175223639353,1.45494288943221,-0.82260124906098,-0.516930601913119
-0.76756395169668,0.689829894251031,-0.445237670944135,0.829220339718924,0.906190471888489,0.849041420574667,0.542627076895607,-0.862268294213546,-0.195458165222116
0.817804530092516,-0.956016563804953,0.316500903677983,-1.48505445128975,0.111737428482651,-1.0695376541271,-0.794658244135124,0.954455711459962,1.16347487738141
1.17006862923921,-1.13261527468087,0.67100599693801,-1.05370528913452,0.519684159961975,-0.166990938984012,-0.613871162070729,0.762442313462293,1.35143415788241
1.31861434055925,-0.612348807312987,0.24821641613499,-0.835642205299568,0.333111111388553,-0.903941362690411,-0.318906367057206,0.486082179461351,1.1817803847354
-0.56968735396964,0.832330643811106,-0.0891104259813337,0.327788744542698,-0.219912573819771,0.614204930634777,0.748252684758339,-1.08555941157869,-1.02077063842504
0.363246551831527,-0.0417115498709704,0.290064791933298,0.317744123833872,-0.756502977081984,0.467730272464405,0.0185503143382334,-0.127101266758119,0.328245603284232
-0.104084564615278,0.116814033470324,0.608585018560418,0.216781082353907,-0.785371855584864,0.13937426499861,0.908121112818002,0.0400920044179147,-0.222245720397257
0.997003438361756,0.109778153596455,0.481834488827616,0.0233895982922707,-0.363384381346456,0.460170702607114,0.568195294072105,-0.337852630890346,-0.0621454205633058
-0.894307996519639,0.790748192723125,-0.531480155919526,0.715432963866986,0.044333288038797,0.121744598116983,0.81263019846913,-0.84545701196588,-0.553972374269354
-0.830259952757163,0.836729323629032,-0.786498722616849,0.760390376746468,0.754482848330404,0.544440524703767,0.648018765916979,-1.11686403241165,-0.992677662451431
0.673505796703108,-1.42899513083974,-0.357934704513933,-1.4154305539364,-0.0255433189276813,-0.922430421597658,-1.17603028841695,0.993636576104101,0.919506989990536
-1.10054756329199,0.817333049312441,-0.359154261630104,0.76212502119661,0.261127364482529,0.0623437844094925,0.996528262305517,-1.15884767778087,-0.88567040729309
0.607313649215945,-1.07518773507318,0.396583217089743,-1.24153053056143,-0.165043412872495,-0.797996401932372,-0.944435765547523,1.19069467417109,0.756065618473372
-0.0304045761051509,0.0755663835913302,-0.684205260055995,-0.0175961078110145,0.0404308018967059,0.299633833339064,-0.748454832753949,-0.620552671194857,0.42184759643587
-0.746857857518947,0.770548507901707,-0.144482020352723,1.31010294800921,0.18699730489494,1.02680825299659,0.238165154676179,-0.157292171113885,-0.818320765776119
-0.979795897191499,0.186901352067028,-0.377946796664742,0.91378033930186,-0.062338254745013,0.728513055887724,-0.10531829735275,-1.51101084497261,-0.106527312228643
0.0755336079788642,0.36351414799407,-0.141606757244554,0.428993261855833,-0.592097104880912,-0.0665550042685201,0.336524204926234,-0.444641330620865,0.071562498755788
-0.965114346502696,0.7982139958434,-0.444684612300358,0.516049755656083,0.436776726421816,1.00328814248606,0.495842106685675,-1.27956506246206,-0.597362845823626
-0.188743760104413,0.679645996543979,-0.189798223707375,-0.208488253973745,-0.453203380740871,0.373423025413374,0.416881832190494,-0.341593179946402,-0.17007847836892
0.993380427901705,-0.750486319554698,0.136433088544329,-1.17702326664645,0.323501192842881,-0.798335506791019,-0.337390743881755,0.904062581983695,0.960956544983853
-1.10330429538835,0.721927746311635,-0.381700641297651,0.122715559775186,0.274332338291698,0.0354374400280336,0.759725716658918,-0.583387470451106,-0.263017429789782
-0.975539639203205,0.826952720551357,-0.141760445588483,0.725788335297137,0.516809367527166,1.09934712303926,0.29877468871125,-0.68188601068083,-0.72300170215772
-0.37193073339713,0.649682102116808,-0.34655181646269,0.228859423737431,-0.609686732216118,0.207899911237276,0.904358587455948,-0.20578564705762,-0.260537515751148
0.684430052358736,-1.5347130074153,-0.124512036216556,-0.894504412582311,-0.0016447962844771,-1.08681352563156,-0.559636064412024,0.771105781950584,0.449999628626779
0.965983647928901,-0.849534748757652,-0.125167372633881,-1.05022730528174,-0.0708735878749554,-0.875720357863577,-0.388469940569145,0.601464688539512,0.879502863035699
-0.913043180741619,0.544585605939921,-0.355869208045108,0.66202327098592,0.513208742003589,-0.154554994487647,0.70360064561218,-0.75347191245975,-0.456472569343977
0.686363656993082,-0.949698524571585,0.0230637190526577,-1.34088416083188,-0.0619793378311714,-0.865578693382911,-1.03768348421313,0.718257328182785,1.42940097145191
-0.143799713055382,0.866493625927525,-0.237626779681105,0.739981885930026,0.243976577057939,0.306465597373168,0.746514593934943,-0.609202091764152,-0.841842884470845
-1.30917123699378,0.612400465539063,-0.42165155103907,1.25891809609524,0.778606632129919,0.857073710475841,0.867869559321898,-0.206830202625747,-0.84237625581387
0.628142227818507,0.266660290747513,-0.277265952945706,0.0821958608839156,-0.116213934191442,0.157688066467718,-0.143136072293123,0.291137511311216,-0.477844656333658
-1.08425483221979,0.912647214190209,-0.360439807453806,0.517516991484477,0.404997697931078,0.966177915200732,1.07262423127794,-0.842038102581276,-0.83710622881864
-0.733413222627753,1.24883886521114,0.0204244641445476,0.458164783121779,0.787882937369087,0.669680655944431,0.593444280451108,-0.691908972645938,-0.554869060252823
-1.0990247407302,0.862017955740113,-0.194770088160395,0.256056182182016,0.576011464902644,0.566281079379606,0.424188316213953,-0.72304579338077,-0.92870022053286
1.2956506489089,-1.21353873589882,-0.1856890084476,-0.696382375693884,0.191572687692353,-0.909060207029525,-0.804981622520612,1.1910446158387,0.600817403449668
-0.655673966349089,0.571153513559909,-0.120823187332653,0.80413624242657,0.0729607982620329,0.96043391131057,0.959598610385816,-0.787801332492496,-0.78086907599618
1.03920715933555,-0.727827589951774,0.119598392547094,-0.962014273801109,0.172291509453285,-0.877127736496359,-0.724803702744216,0.57436103054387,1.01515691537086
-1.40063828154546,0.475415851355345,-0.181471461120321,0.853545837600009,0.635210714471311,0.780377466320875,0.802601290916201,-1.06400309437274,-0.379325742949856
-0.0679296925044011,0.974212390128221,0.372938525135215,0.480577348369854,-0.0274791743187979,0.533056620764036,0.695911447345776,-0.128073290586868,-0.355070864298011
0.159491148084968,0.408693903164952,-0.102468808955262,-0.443706510411434,-0.161592497672779,0.810264985749454,-0.0737948217575731,0.31947294693097,-0.0334905115376868
0.524841216546086,0.666604233548794,-0.163989388568032,0.243818635459522,-0.290542046211254,0.168345288432659,-0.066363381076524,-0.399735850946028,-0.181596499762884
-0.216711119358424,0.503129604768024,-0.269418743305735,0.317126000334089,0.136557705004952,0.196311416628505,-0.495258329970677,0.178841435627098,0.1859025367885
-0.860836322316782,0.261840366713794,0.0432162557273113,1.10645493926012,0.287036500784281,0.7457180745133,1.15304501615561,-0.648474921308393,-0.187158271969031
-1.016233169724,0.737788781059625,0.203093768444859,0.68797531200283,0.258986618894545,0.286601945774086,0.622793421090279,-1.12997572051725,-1.40524278423218
1.06796797929847,-1.15568755075301,0.628235988456496,-1.16279978445081,0.431655952349491,-1.46768061257664,-0.879654586480523,0.927029712030338,0.795358135213954
-0.229042336113392,0.976416244454521,-0.221368696326984,0.532947647777311,-0.122263009903704,0.471124385686429,0.482248906419093,-0.796420680194457,-0.290442680440493
-0.321729194175365,0.0593942502558119,-0.226311935435985,0.494841508153585,-0.463015104378873,0.552486826580009,-0.05397502000429,0.137087900148844,0.139290602325682
0.170985713421379,0.552149006728609,-0.175570819467144,0.647846130213866,-0.460178227647991,0.431581067042034,0.24664683040216,0.111035252808525,-0.322567379033366
0.79473143082431,-0.778289372041317,0.701919484411629,-1.0129321594312,-0.202712987106116,-1.0745542563512,-0.978510791104167,0.91916560220021,0.821333076580338
-0.84384034470442,0.415002446957525,0.0963555617811724,0.761400818664704,0.219968115203421,1.2526781032568,0.0568307638261006,-0.600990957060368,-0.975923872002954
-0.120291446401073,0.432485686867254,-0.170097466171072,0.20491644165475,-0.173979629139938,0.591358970695743,0.59508793692859,0.195772911102112,-0.235310704918542
-0.621301670276289,1.02899566627671,-0.335037317480115,0.421558876004762,0.874299501207189,0.316027002659666,0.42395299982754,-0.932098645868262,-0.559705274401785
1.1131955033112,-1.14164317609078,0.168811169065118,-1.07321316881978,-0.477302407211651,-0.19146854503522,-0.506917338738495,0.547184053880401,0.896426177267114
0.314301412952523,-0.235670562734638,0.221671208145284,-0.116941721372058,-0.592264368356344,0.219218867016526,0.404953904246557,0.128574782536694,0.311093973020327
-0.676174403314999,0.835502831248434,-0.0610030113529893,0.129560888098845,0.357073265374644,0.779671859114562,0.10013559648836,-0.912197262658512,-0.640533265066401
-0.94253693977742,0.299401099720598,-0.423856788546256,0.813275204236711,0.133888597716174,0.601360353791944,0.294314158278162,-0.601824749768217,-0.869502487762256
0.731255588103805,-0.710461498297723,0.111539830441914,-1.08414251303708,-0.414569221958264,-0.502354790818669,-1.32622092672727,0.233291199812234,0.990893376997256
0.779376682691681,-0.794673229378643,0.127655536120203,-0.900269057486729,-0.245066339662417,-0.674028995366134,-1.18714011738665,1.15913038870404,0.387218704958663
-0.116113483892664,0.310213843324363,0.00508168436099365,-0.0506814601730646,0.115523384751837,0.020533201293916,0.306553194781785,-0.293348101277468,0.500341826363714
-0.47391578412092,0.385365224733357,0.647031880102358,-0.0437315968599417,-0.843067766306358,0.321599246624438,0.354858383223701,0.10117143337839,-0.471152628135373
0.154322158137356,0.638440287921025,-0.188793614173113,-0.144228546382207,-0.352073775865505,0.586767554946236,0.233807292148475,0.255977186276623,-0.212092408850229
-0.753429440549028,1.09975353789874,-0.164882831160659,0.90353190006608,0.376895483242016,0.0715882558496919,0.385098902135474,-0.56906407864146,-0.838714589586951
-0.149478829508505,-0.0790663096636861,-0.42373647556995,0.317688673956003,-0.495850453707122,0.277108973094035,-0.0152940179739238,0.139144815838418,0.179428619968622
0.924762255465076,-1.50332978488731,0.203556203122363,-1.23119222286806,-0.627230797008966,-0.704453047653068,-0.771590009274854,0.239610997274741,1.19586188372586
1.35521905432891,-0.958474115900175,-0.070416867150365,-1.21360285858176,0.142997107501897,-0.340328416388428,0.000652375555574537,0.152767317860079,0.65199057166885
0.62283040872637,-0.986628568740075,0.170616298227749,-1.57711652453178,-0.298636803626799,-0.956683356525829,-0.823056566771451,0.887963901841447,1.08513770835061
-0.433524930714107,0.322389156712326,-0.0937815781650916,0.231031501730399,-0.722246803318481,0.338978260512482,-0.142959548393857,-0.210776440217724,0.339161481554129
0.770796457105055,-1.40522695101774,0.0671891364417771,-0.950608226939974,0.248518377244759,-1.22528129117142,-0.512840366795017,0.767488542111207,0.621124879275744
-0.94778326171887,0.834772589573011,-0.446886922669615,0.71203996325267,0.445896119412018,0.548424346341271,1.03030534203509,-0.739404160235791,-0.315984847429782
-0.812836005453725,1.01897097358894,-0.0617359209457687,0.803644334028601,0.120754808999106,0.547955381234897,0.43903092992687,-1.16564001601545,-0.88084774271575
0.671939465306781,-1.34278867426277,0.445818001877772,-1.26910076020687,0.247931034589879,-0.258680347262727,-1.19521330039678,0.845156326975218,0.974646435312613
-1.08430061570182,0.584410247945229,-0.351607603032494,0.0558434496279512,0.942190755114589,0.953441634346086,0.581440959887495,-1.25902324461995,-0.692440300507131
-0.779223646511261,0.886701428318422,-0.683582302383276,0.595554378228664,0.487178858049675,0.217571801699805,0.948980006961797,-0.542073180993176,-1.24164805538813
-0.498414786613573,0.740821289343172,0.195370184590257,0.94027852569834,0.22852818152859,0.307681206136962,0.159599888857991,0.316966822116628,-0.173680403695502
-0.558950481226033,0.903263514071771,-0.376102783574791,1.05807701580501,-0.0986999920078272,1.0491367260847,-0.0795115029440594,-0.143055963786516,-0.77046606990602
-0.0147850285711773,0.391832960582882,-0.293960230485982,0.655136903722497,-0.291943800051612,0.224377796487576,-0.192453252620631,-0.205803012281444,-0.200508513022022
-1.32413734617755,1.27010159434546,0.401007614010165,0.882614137355005,0.227884695973765,0.525002669542424,0.862121788262868,-0.756147078833158,-1.23409323996142
0.20722099365446,0.278053259717071,-0.0739911976829402,0.269316509960573,-1.00461960062029,0.286948894098923,0.625573252730496,0.0555423417338796,0.432537282336986
0.357438140231222,-0.707541946661107,0.0335976848064674,-0.318097945016987,0.0278236865147369,-0.829094355175187,-0.579306839035026,0.617089293125642,0.607500756948776
1.11237588760293,-1.35818178224148,0.855270239425045,-0.786571707266538,-0.466135178000417,-0.0682729494777519,-1.19000798788985,1.05794660728617,0.237332955268584
-0.0413558823334989,0.212387631059206,0.114830964175303,0.309112486130557,-0.297282427097562,-0.140834242238837,-0.00747749258567631,-0.301602279855797,0.243272965890262
1.15140043296832,-0.4786647594575,-0.239783163937038,-0.677948466517023,-0.325498889889964,-0.718681713481531,-0.784921572720891,1.29739952764968,0.659253901765965
0.798588972863747,-0.909624621864991,0.453815783477944,-0.918307234271464,-0.252850777603844,-0.842783904342111,-0.676630159031333,0.918653484079238,0.581178697855336
-0.44150266418435,1.00118106375249,-0.382740860757731,0.903719342171691,0.591917669194558,0.159661409163694,0.418393479812034,-0.91601924394946,-1.06749613669864
-1.11951653980104,1.10223846900224,0.34291410496705,0.878638261773027,0.310264304671,0.538407974701721,0.859921345703132,-0.334170563029987,-1.06783555243528
-0.735574351220474,0.796203663477708,-0.333596228449176,0.847419636906236,0.480725875105647,0.404335289516071,0.604260464572681,-0.81987583704982,-0.976620649401997
-1.04854566762078,0.578296841817992,-0.345314423269689,0.965242839246441,0.589961134624328,0.628028829754602,0.464468587422373,-0.480772765590976,-1.10696525411425
0.763483870887416,-0.829734817218883,0.230665565180874,-0.496234220714413,-0.247527151919972,-1.02126055266975,-0.785602862898326,1.11098905054226,1.02738746303611
1.02024590801633,-1.11665122868647,-0.0419848766221552,-0.689853428134072,0.0668987087600497,-1.26528774286205,-1.06818573381677,1.42164260542108,0.748833696569563
-0.115144634043215,-0.0285862827903826,-0.743470362042338,0.433364283630267,-0.546556277690416,0.00609149910583267,0.296592282356392,0.17660326892626,0.286656708907683
-0.754257570340787,1.23405804112677,-0.209954745686295,0.563662614930643,0.199907146525799,0.139613232374761,0.863938039441335,-0.564268952107442,-0.97528556837181
-0.703101542951537,1.09686971232293,0.334242320219125,0.517698722942299,0.390586034117769,0.190219217808647,0.573174863128819,-0.891769573015759,-0.891697576246143
-0.000613811453196999,0.0452963519197493,-0.471847758754247,-0.0867645696363322,0.14483221225872,-0.12108427556576,-0.267123511558824,0.163047943302601,0.259233804329929
0.844558072292539,-1.09234050373997,0.193834006814125,-1.23912207891785,0.0822250076553569,-1.04959473003081,-0.593097620206759,0.89418740621682,0.902787336318458
-0.74840986737799,0.547353361670953,-0.639690342768006,0.965803692546773,0.590470678285092,0.286640533890146,0.502023095972681,-0.7123771695065,-0.357391677767311
-0.751473035548509,1.23933467116548,0.0255095964899496,0.804594440021989,0.406314155706362,1.10728264455978,0.748975768901869,-0.66431628574737,-0.488752835758325
-0.703504459942832,0.42864349124407,0.00211135462360931,0.768734590607883,0.292851529671331,0.581018241754884,0.0513341628190391,-0.189489816422277,-0.906393267116427
1.02038984017195,-0.719102898237815,-0.143944924536016,-1.5906476325993,0.275048921465464,-0.383650466318008,-0.874437832622815,0.965152246835501,0.600556996861256
0.444836676845979,-1.03249409625707,-0.0811333744339277,-1.20322066686294,0.00137849845886776,-0.949083114689777,-0.761853454532608,1.01332652921218,0.660199726152766
0.407633278757205,-1.28839515163169,0.718268089373664,-1.30359053027262,-0.588224856631846,-0.939501191430329,-0.500523333394963,0.926300469146431,0.965659261773443
-0.341158808009045,-0.566679848831964,-0.00466785236368245,0.674247392136914,-0.0233887301189437,-0.00121441198108922,-0.0221045647857619,-0.280260115701097,-0.33207385601605
0.629319826734303,-1.54608931692786,0.404672502572119,-0.784720585922167,0.0962351544907415,-0.847372630536586,-0.350581840516989,1.03967571391714,0.276865128522784
-1.13136306083996,0.778093876911505,-0.346381928859628,0.452280802315538,0.384093051319336,0.476873447588677,0.384762669757713,-0.843716546182657,-1.13835510329769
-0.146816707126054,0.499918095607882,-0.184581507558956,0.799987199458094,-0.273598527296534,-0.123358166269477,0.169806563824269,-0.372704673190971,-0.245618632928275
1.50857191870158,-1.12348190431143,-0.141153703357972,-0.976558555343979,0.252097361762734,-0.591141247524322,-0.565375567432177,0.487209481783141,1.06360236778056
0.644955820660682,-1.30248927641023,0.627101018385116,-0.931156373454201,0.640992467352833,-0.849638433340409,-0.652700790130379,0.433597997412423,0.419430441707878
-1.04099472668246,0.794893431999675,0.193218636095431,0.899432995298323,0.0328953500008912,0.766109920319366,0.0605708217579959,-0.72326483220772,-1.23414334900623
-0.0189265832853941,0.188391756005437,-0.254324321777532,0.119609518560148,-0.339496764279797,0.144918246152669,0.0244849725638567,-0.228719180054203,-0.226616606233212
0.945597478770168,-1.01538522472807,0.501427931406555,-0.804119508093915,0.20171849086383,-1.29590708268048,-0.452007662945483,1.12942477666913,0.74115182058221
-0.570589746901135,0.896174903386309,-0.169686103048886,0.608892344972074,0.510960119950084,0.532972651772909,1.05552093224372,-0.122958136714663,-0.894383026002168
0.344478167342525,0.669416523819636,0.0868945534092201,0.270170417490782,-0.420680387344598,0.4630258799988,0.388330371243044,-0.303056403686269,-0.082674645536524
-0.354954456793845,-0.092720099802363,-0.191173282563627,0.299110842312086,-0.315320411410965,0.125479577093657,0.367663887986044,0.0211045996743524,-0.510887464069336
-0.829478397350063,0.536952723051497,-0.183372781423637,0.750111186464089,-0.0376329448203884,0.940382497418153,0.587012541409308,-0.576842471121972,-0.715759589443775
-1.06361449776373,1.07351956475428,-0.355380180732535,0.588986796223698,0.00137198465636372,0.363810393220751,0.50140666827796,-0.558149080173178,-0.571263679381372
-0.692163858375365,0.437736327402599,0.400493802980979,1.01562281995546,0.468996636204144,0.825158615765717,0.851300859620941,-0.164076200812052,-0.616981912378974
-0.994528868724099,0.414036415807321,-0.589790508382789,0.171809859995069,0.849265548312808,0.919949769828582,-0.0552304830748547,-0.610285553276038,-1.27607440314477
0.213726971897943,0.336621295489487,0.066037993356747,0.414357378359023,-0.113533259459992,0.447304312455165,0.198802741536988,0.119402863400719,0.464405369190471
-0.850716839942762,0.307195890228627,-0.182048117435267,0.870127670739787,1.02514991393231,0.707820831870185,0.963838263497806,-0.143951586879118,-0.678367426895276
0.85804069332444,-1.13145224611254,0.171053764250468,-1.24700655008282,-0.212632433122942,-0.686016507734064,-0.315688395627801,0.56737920149371,0.373744334107066
-0.30112129229021,0.57781276070916,-0.0213796344685168,0.771317555881412,0.1008912669361,0.239928736443926,0.169627988438283,0.230029943582308,-0.269195907904375
0.361812111789171,0.103958433470084,-0.410887327734577,0.0798051636132666,0.0603723014033084,0.113312671725972,-0.114289495464534,0.101278400823318,0.348356881161227
1.00109154614087,-1.44268864939949,0.292868119110907,-1.13139334196998,0.0597786961523816,-0.756065607595679,-0.722408044391944,0.869814786026136,0.838348338333449
1.12861581015552,-1.26191779187592,0.40313973946844,-1.08731347307642,0.00669825620180525,-0.373919454359647,-0.870309431397686,0.961032806433371,0.665641122879363
-0.98184401123436,0.935600864085965,0.00673809914730236,1.37133767475868,0.671260032664403,0.725455485900836,0.903081208892046,-0.530156864946982,-0.630247492523589
0.795657735002908,-1.20812816881722,0.440970312808269,-1.06863361911651,0.0797580252194405,-0.677723961257781,-0.75145798049086,0.913918924138022,0.422134190300975
0.645778271994374,-1.00149125788248,0.349638278331221,-1.03396207957529,0.230243669973023,-0.608151802192009,-0.588514660902301,1.24947058543094,0.395434909028997
0.215334658574539,-0.930401438463238,0.521574622403663,-1.06815008261364,-0.0205619715314399,-0.519762533987272,-0.522609130323408,0.750148675196208,1.08836921705453
0.90655272991098,-1.20702396976042,0.296889630304011,-1.03780099489063,-0.0142802751798351,-0.679833638558936,-1.18017892144876,0.51680957996343,0.886476363847187
0.21221375325748,0.0739216260676077,-0.27500637772403,-0.105440979227235,-1.00001455905338,-0.259242841961275,0.115361145390642,-0.0268642470883299,0.0600029237279829
-0.728900780866352,0.583254469961572,0.193516527339827,0.630835809982129,0.672682579169737,0.201197606954553,0.705482046059148,-0.853682337838729,-0.809581887167478
-0.888847489499764,0.903303250581114,-0.330368583435215,1.27875982529551,0.699047818858492,0.567678531723583,1.15714823611924,-1.08817112966996,-0.739828579807826
-0.819250884027432,0.718546614420261,0.0233066153132233,0.58476140018666,0.946792008863792,0.344544646609292,0.708278325890681,-0.730142286424617,-0.616287685264664
-1.05663916902026,0.250824540129143,-0.754699539169835,0.908696415000286,0.959499046679705,1.2552911674016,0.599625980137722,-0.585921534908513,-1.44612689825035
0.983302274860499,-0.757083144575756,-0.435967282912517,-1.18242231810319,0.197184090101874,-0.436221781764488,-0.57166183782915,0.737097989874108,0.470638680895178
-0.00370129008572426,0.107943798113698,0.0561722242864159,0.652550257833104,0.150142453381779,0.0489257084195356,-0.186949543258441,-0.216695852035355,0.0973092668040256
-1.22364314508395,0.898212740738096,-0.909109429355379,0.754521821516299,0.204753410642628,-0.0775183248750106,0.667867161801144,-0.691990168649779,-0.729940673347442
